,Iterations,Execution time (s),Output file
0,10,7.773966312408447,out_10
1,50,38.55954885482788,out_50
2,100,81.8867039680481,out_100
3,500,412.0777871608734,out_500
4,1000,953.7109704017639,out_1000
